epoch,lr,loss,iou,val_loss,val_iou
0,1e-05,1.98651882697796,0.05080720812782541,2.108331565199227,5.1888765715722625e-11
1,1e-05,1.9354018671759243,0.05985842413956386,2.11156650247245,5.1888765715722625e-11
2,1e-05,1.9044302414203513,0.06834039581971037,1.969866444324625,0.1189051835033813
3,1e-05,1.8431921375208888,0.08042090783766798,1.8845849407130275,0.19583259115538967
4,1e-05,1.8415563147643517,0.07876837573493004,2.00703672293959,0.18170388118125988
5,1e-05,1.8528367609813297,0.07319585633024249,1.8600711329229946,0.3082198125070532
6,1e-05,1.7766194877953365,0.07946162916592864,1.766502413256415,0.4762358649655292
7,1e-05,1.7681529480835487,0.08100386864830585,1.9064421653747559,0.37375201651340384
8,1e-05,1.7845907622370227,0.07953184938602414,1.7645188939982448,0.4440080982136413
9,1e-05,1.7593373347973,0.08361838399409198,1.7569404388296193,0.4853294625696485
10,1e-05,1.7168854269488105,0.08367449299165704,1.6933765452483605,0.5202373132949087
11,1e-05,1.701122658006076,0.08426264918933726,1.7309876844800751,0.5414764538611394
12,1e-05,1.7075394186480293,0.08654909348561036,1.9033603462679634,0.1182817881556056
13,1e-05,1.6919840204304661,0.08521641141805854,1.7227913881170338,0.520724497939563
14,1e-05,1.6667887671240444,0.08669367950494078,1.7041087767173504,0.45309327025469787
15,1e-05,1.6601230481575275,0.08624244385724812,1.6815147235475738,0.45015296821693945
16,1e-05,1.6488327157908473,0.08681094119743152,1.6661605506107724,0.5322724926205272
17,1e-05,1.6598334887932087,0.08637608597746292,1.6730620367773648,0.49271465185250046
18,1e-05,1.6561739896905834,0.08710670168175728,1.6727392550172477,0.49985179593682116
19,1e-05,1.6759028722499978,0.09063345261606333,1.6760923245857502,0.5410010077646525
20,1e-05,1.6383710195278298,0.0896762363378864,1.6555049131656516,0.5851418980122081
21,1e-05,1.6337531065118724,0.0899008735376221,1.656931659270977,0.5038650137662773
22,1e-05,1.6282498548770774,0.08931157017439517,1.642772390924651,0.5520844249388446
23,1e-05,1.6400267831210433,0.09129476831408347,1.6652895623239978,0.5648097369779987
24,1e-05,1.6436000199153507,0.09129628001148436,1.6520550579860294,0.5683414749045398
25,1e-05,1.6174266256135086,0.09185849551074779,1.6266709155049817,0.5761794164241029
26,1e-05,1.6173258732105125,0.09120295367218471,1.6456324889742096,0.6001732424392486
27,1e-05,1.6144065815826942,0.09287423545213766,1.6408901420132866,0.6005047049657821
28,1e-05,1.6135686183797902,0.09261194443126566,1.642234835131415,0.5278616456099915
29,1e-05,1.615582092054959,0.0918685649404547,1.6318526021365463,0.5553312795283997
30,1e-05,1.6097358300768096,0.09277779215603695,1.622430731510294,0.5884377091556772
31,1e-05,1.6034422167416276,0.09376466857512394,1.6851124105782345,0.487757660205528
32,1e-05,1.6146564195896018,0.09254119082738554,1.6680646847034324,0.5410406539400694
33,1e-05,1.5952919146110272,0.09524629874546948,1.6191027328885834,0.6071377177686423
34,1e-05,1.6041779394807487,0.09454456359332875,1.6111957739139426,0.6264749129061481
35,1e-05,1.6044701420027634,0.09526276144283288,1.6033623095216423,0.6274149793647844
36,1e-05,1.5973773865864194,0.09415388479891941,1.666000012693734,0.5163850684846067
37,1e-05,1.6064998692479626,0.0943068729577214,1.628310853037341,0.6546447033090207
38,1e-05,1.6016947565407589,0.09484747965859555,1.6412738972696765,0.5799695366776129
39,1e-05,1.5987377660027866,0.09580058079834598,1.6729520805950822,0.5676756577047158
40,1e-05,1.593665862905568,0.09647335767969531,1.6371362003786811,0.5976878181704015
41,1e-05,1.5898720026016235,0.09639320616937738,1.6613050699234009,0.5409178052647522
42,1e-05,1.586447703427282,0.09604970207678584,1.642992952774311,0.5959860006614406
43,1e-05,1.5859219205790553,0.09595102623806713,1.6216551805364674,0.6678060842556376
44,1e-05,1.5830826923764985,0.09707008995680805,1.6017486679142918,0.6505921776923685
45,1e-05,1.581675307504062,0.09718018949294573,1.603775846547094,0.6190522064664852
46,1e-05,1.5782757380913044,0.09637573190178667,1.6001785582509533,0.6102163994132482
47,1e-05,1.5780979559339325,0.09544488888246416,1.596830968199105,0.644402016321459
48,1e-05,1.5769555280948508,0.09592041245930376,1.6117853748387303,0.5939254289833618
49,1e-05,1.577271712237391,0.09663932966574278,1.5989036354525337,0.6176666845353119
50,1e-05,1.5757571541029831,0.09588769488996748,1.5927564933382232,0.6625257604045001
51,1e-05,1.585402640803107,0.09632014107489746,1.6020271202613567,0.6676593423857102
52,1e-05,1.5846071078859527,0.09783252334195451,1.6121224781562542,0.5895015274025457
53,1e-05,1.584937177855393,0.09843012304743867,1.6068358750178897,0.6316708271229184
54,1e-05,1.5693392260321255,0.09593174539220813,1.5948209104866817,0.6496805867544737
55,1e-05,1.583217037135157,0.09688910225516154,1.6041714857364524,0.6762200515232404
56,1e-05,1.5918953542051644,0.0983034845220333,1.6079817763690292,0.6237052710404325
57,1e-05,1.570098486439935,0.09596544296569735,1.611075602728745,0.6075405675562455
58,1e-05,1.5781706407152374,0.09749533384499051,1.588895686741533,0.6472499216472032
59,1e-05,1.565044982679959,0.09643292703807528,1.5990434391745205,0.635072718489172
60,1e-05,1.5667657194466427,0.09628260575220247,1.621728934090713,0.5901419484907156
61,1e-05,1.5727309194104424,0.09676686431317333,1.6124958416511272,0.6075171717369051
62,1e-05,1.5716189474895084,0.09696783550433243,1.5812528174498985,0.6682862361219508
63,1e-05,1.5659347197105145,0.09597355111395946,1.5868400951911663,0.6554327660758545
64,1e-05,1.5632974937044342,0.097462607516561,1.6138436712067703,0.575899855058758
65,1e-05,1.5641833050497647,0.09724280370313582,1.606409031769325,0.611352089358571
66,1e-05,1.567592929149496,0.09822603774618738,1.5849568145028476,0.6864871340394905
67,1e-05,1.5642281524066268,0.09843919218712757,1.6091888649710293,0.6252588437743903
68,1e-05,1.5590873915573646,0.09708199697393834,1.5902640572909652,0.6533613529540574
69,1e-05,1.5590663285091007,0.09663881009565375,1.584625634653815,0.6459950268451521
70,1e-05,1.5588083472745171,0.09739198638473223,1.5980359069232284,0.6489401730895511
71,1e-05,1.5647262005970395,0.09765050846493452,1.582387636447775,0.6605153749430607
72,1e-05,1.566272994567608,0.09777339388161609,1.605612874031067,0.6803287674302411
73,1e-05,1.5631532751280686,0.09947860803387332,1.5825848414980133,0.6389901173394941
74,1e-05,1.5593004884390995,0.09729773412345154,1.5914135266994607,0.6332596165352911
75,1e-05,1.5639142167979274,0.09840869782392377,1.5845601312045394,0.6285439792232939
76,1e-05,1.5556866547157024,0.09873644635830259,1.587343063847772,0.6584929691410586
77,1e-05,1.5565001430182621,0.09718764792940672,1.5736747939011146,0.6731515464037187
78,1e-05,1.554450799678934,0.09761091170951898,1.5995032705109695,0.634758239306727
79,1e-05,1.5671762228012085,0.09918344554185259,1.575744838550173,0.6884755833424386
80,1e-05,1.5668944737006878,0.10051915387129062,1.5963655997966897,0.645648154686821
81,1e-05,1.5583897459095921,0.09774575412631696,1.5974077561805988,0.6393004375951333
82,1e-05,1.557174275661337,0.09834095788485749,1.586935252978884,0.6665126375870688
83,1e-05,1.5593267185934658,0.09869246820921132,1.5747360237713517,0.6529673968915166
84,1e-05,1.5531018725756942,0.09879965674287165,1.5877545989792923,0.6308224342189319
85,1e-05,1.5514599084854126,0.0986357929596164,1.5819332394106635,0.6742632883485357
86,1e-05,1.563702838174228,0.09868987188276515,1.6263355345561588,0.644825299225834
87,1e-05,1.5600649652809933,0.09984164772580836,1.5849548701582283,0.6516888359900254
88,1e-05,1.5500484252798146,0.09896351712760569,1.5911164078219184,0.6333999371776741
89,1e-05,1.5500345682275707,0.09850498728764688,1.5774920849964535,0.6521777656194455
90,1e-05,1.5552481782847438,0.09956835167904303,1.593019908872144,0.6006259467804383
91,1e-05,1.5617009031361546,0.09856943154963892,1.5760194145399948,0.6668932640457641
92,1e-05,1.5509160263785,0.09926524992247396,1.589699675296915,0.626281865447288
93,1e-05,1.5594033290599953,0.09883695371704941,1.581826321009932,0.6713721219799814
94,1e-05,1.552221076241855,0.09832382553197107,1.576072364017881,0.6721309608587603
95,1e-05,1.545633443470659,0.09869878568630902,1.5928532666173474,0.644724669429189
96,1e-05,1.551924623292068,0.09769727604102715,1.57935356271678,0.6742637909653908
97,1e-05,1.5482447887289112,0.09751923613529227,1.5786180825069034,0.6684132418695513
98,1e-05,1.5459815428174775,0.09903002147163278,1.5787548484473393,0.6686138936651489
99,1e-05,1.54986048566884,0.09851411232756782,1.5824561858999318,0.6615513349704801
100,1e-05,1.5501164485668313,0.09837341191781236,1.5714336798108857,0.6775450666159605
101,1e-05,1.5460244622723809,0.09801162056668662,1.5784400454882919,0.6654154000134285
102,1e-05,1.5524796000842391,0.09846081306158333,1.6087925393005897,0.6022945245561607
103,1e-05,1.551680827962941,0.09973022164125835,1.584124207496643,0.6896470710733444
104,1e-05,1.544925570487976,0.09851497969034922,1.5774211431371754,0.6328249224032746
105,1e-05,1.5474774590853988,0.09772982307982887,1.5750419805789817,0.6848965112691493
106,1e-05,1.5412797927856445,0.09955972982297726,1.5655269869442643,0.6859602049263245
107,1e-05,1.5507158082107018,0.09899875739718796,1.5900109636372532,0.637687140602195
108,1e-05,1.5462622231450573,0.09858212408906152,1.5890742293719589,0.6319191473455849
109,1e-05,1.5480354695484555,0.10025093264588479,1.5866847161588997,0.682458800979925
110,1e-05,1.5482739169022133,0.09954200114961942,1.580340105911781,0.6514560772694622
111,1e-05,1.540020437076174,0.09936028128658589,1.569969337562035,0.6964235500107953
112,1e-05,1.5461579972300037,0.09956416775431302,1.6010913684450347,0.6949030379582173
113,1e-05,1.5442032896239182,0.09905361993012855,1.5890335666722264,0.6318175438967301
114,1e-05,1.545049918108973,0.09877537026988784,1.576496457231456,0.6731603281778918
115,1e-05,1.5417499994409496,0.09854549682001734,1.5676202691834549,0.6648665757050659
116,1e-05,1.5384728415259,0.09901981150171459,1.5715992450714111,0.6595855018737772
117,1e-05,1.5397623243003056,0.09762514923292992,1.5802649012927352,0.6468746943546378
118,1e-05,1.5396872471118797,0.09763256690780364,1.5874972096804916,0.650929415979597
119,1e-05,1.5366485324399224,0.09855778754791654,1.5928229134658287,0.6191308163805822
120,1e-05,1.5469119425477653,0.09978734509303601,1.572589265889135,0.6765544287887076
121,1e-05,1.5368845956078891,0.09932619686141454,1.575522204925274,0.645398713638327
122,1e-05,1.5369372121218978,0.09888333280503983,1.569986109075875,0.6615159208470082
123,1e-05,1.536597625962619,0.09881274446001884,1.5604243196290115,0.6748520105946076
124,1e-05,1.5385809725728528,0.0991444575937521,1.5650530683583226,0.6722594004423734
125,1e-05,1.5368727815562282,0.09905511684891159,1.577145481931752,0.6230393112841999
126,1e-05,1.5389360888250943,0.09836392052972817,1.563630539795448,0.6770578706771954
127,1e-05,1.5356114239528262,0.09914168303948191,1.5653522384577785,0.6732638544091878
128,1e-05,1.5399746319343304,0.09838710203612988,1.589934830007882,0.6619301066224834
129,1e-05,1.5451754413802048,0.09893226740416426,1.576910503979387,0.6702461882958493
130,1e-05,1.5343146365264366,0.10019879505940092,1.5631107872930066,0.6859890884930879
131,1e-05,1.5376721497239738,0.09798887290644871,1.5931457651072536,0.6468588085689495
132,1e-05,1.5376071601078427,0.09914840068862374,1.5703755617141724,0.651083450175502
133,1e-05,1.532506881089046,0.09958546433719213,1.572252762728724,0.6856575114190974
134,1e-05,1.539850485735926,0.09851960170936247,1.564101687793074,0.6644245428934699
135,1e-05,1.5349615812301636,0.09879291966003524,1.5716698539668117,0.657773869236763
136,1e-05,1.5381600034647975,0.09984353209256384,1.5775318515711818,0.6608647348120923
137,1e-05,1.5353390800541844,0.09879497462948258,1.5657146634726689,0.6727701719955139
138,1e-05,1.5328893003792599,0.0991145478523011,1.5672507244965126,0.666489727430113
139,1e-05,1.5331148114697686,0.09996686896770267,1.5752118291526005,0.668468720029824
140,1e-05,1.5335528768342117,0.09947310697305078,1.581954031155027,0.6716014941536237
141,1e-05,1.5361777585128258,0.09978040357419456,1.5697017866989662,0.6870376474214038
142,1e-05,1.535372310671313,0.10021339184800827,1.5950285566264186,0.5963850151432012
143,1e-05,1.536414857568412,0.10024106979025113,1.567320622246841,0.6924397654275404
144,1e-05,1.5310043096542358,0.0995443929202447,1.571328960616013,0.6580443651604861
145,1e-05,1.5327781397720863,0.09933135674656775,1.5945387626516407,0.6579975371011632
146,1e-05,1.533010330693475,0.09888810948252094,1.5675822948587352,0.6711079030676889
147,1e-05,1.5319322923134113,0.09999426783328011,1.5915988354847348,0.651449696278193
148,1e-05,1.5312148866982296,0.09916753391746798,1.574943077975306,0.6457167232438487
149,1e-05,1.5341993816967667,0.09887712204227671,1.5686679379693393,0.6698009345956215
150,1e-05,1.5286595040354236,0.1007290659858596,1.5762193819572186,0.7067212918011002
151,1e-05,1.530358228190192,0.10036461637463925,1.5892723880965134,0.6211641612809494
152,1e-05,1.5326880381025116,0.09904236955954601,1.5673559287498737,0.677079392334879
153,1e-05,1.5362579452580418,0.0997015833016204,1.671060747113721,0.5983827270235296
154,1e-05,1.5464045878114372,0.09921995686798872,1.5697436209382682,0.6896506725743995
155,1e-05,1.5342440810696831,0.09957368338833021,1.5748282177694912,0.6562957363242841
156,1e-05,1.5280358750244667,0.09966515637599821,1.5663251260231281,0.6680429901344153
157,1e-05,1.5303601355388248,0.0993280599155515,1.5922667569127575,0.6362278034828374
158,1e-05,1.5318111674538974,0.10086684154627387,1.575041442081846,0.6634882843193884
159,1e-05,1.5320696666322906,0.0996105960902747,1.5787322808956277,0.6718508526678263
160,1e-05,1.5312421280762245,0.10112940337044322,1.5709135367952545,0.651849424725923
161,1e-05,1.525887131690979,0.09924259784985806,1.5642882379992256,0.6587449568470451
162,1e-05,1.5292527716735314,0.09820774121105687,1.5716214961019055,0.6483654732876419
163,1e-05,1.5291045082026515,0.10074337403925283,1.5873104662730777,0.6585190067200153
164,1e-05,1.5285449233548394,0.10033509240311281,1.5676801697961216,0.6637371432858735
165,1e-05,1.5293494956246738,0.09917434555920637,1.573954335574446,0.6499573474468197
166,1e-05,1.5294231011949737,0.09924135046005589,1.5626822340077366,0.6722593069926112
167,1e-05,1.524804949760437,0.10005313673705206,1.5633631615803159,0.671391365234021
168,1e-05,1.5246244792280526,0.09981600568275847,1.5665788075019573,0.6804903939964893
169,1e-05,1.5298973486341279,0.09988452402236923,1.592768249840572,0.6493508149346008
170,1e-05,1.5272013483376339,0.09940334123749767,1.5676174492671573,0.6571696894317424
171,1e-05,1.527458852735059,0.10041911960607251,1.576022012480374,0.6398941448350256
172,1e-05,1.5283688635661685,0.09919968289503042,1.568284823976714,0.6647782774205547
173,1e-05,1.5248497601213127,0.09862848682203601,1.5759856330937352,0.6534024017197536
174,1e-05,1.5260723007136379,0.09984086406566119,1.5616946590357814,0.6720132381038781
175,1e-05,1.5254335280122429,0.0996591660273584,1.5809103908209965,0.6595191815158499
176,1e-05,1.5272368973699109,0.10100764142389757,1.583424132445763,0.688130123006962
177,1e-05,1.5267087385572236,0.09905953975988885,1.5765284916450237,0.6738005619725599
178,1e-05,1.5224690725063454,0.09971482975448001,1.5780267551027496,0.6536251537511303
179,1e-05,1.5245221565509666,0.10086698724172562,1.5665761396802704,0.6682229140497252
180,1e-05,1.5236605118060935,0.1009772041444098,1.5794798094650795,0.6436573545041749
181,1e-05,1.525418154124556,0.10002748791361162,1.6066833159019207,0.6354467223622714
182,1e-05,1.5223214667418907,0.10057746001299718,1.5784811192545398,0.6457858480866784
183,1e-05,1.525848285905246,0.09922509881767873,1.5717823669828217,0.6660755530550015
184,1e-05,1.5273090724287361,0.10019160933058213,1.5833440484671757,0.6443867653915777
185,1e-05,1.5218380484087715,0.10016542348039899,1.5705959509158958,0.6629226887342742
186,1e-05,1.519915350552263,0.09936370461803361,1.5667431148989448,0.6769192110366087
187,1e-05,1.525053702551743,0.10174280624894741,1.5682477457769985,0.6384098230911813
188,1e-05,1.5239461701491783,0.09913647492640536,1.566807898981818,0.6644747826424402
189,1e-05,1.526843523157054,0.10122091206410436,1.575352401568972,0.7077694869120894
190,1e-05,1.5205750670926323,0.10067767615963738,1.5669401226372555,0.6761486028509167
191,1e-05,1.5228695787232498,0.10136055313193941,1.5754599530121376,0.6545137510492378
192,1e-05,1.5188715293489654,0.09982917077784774,1.5757375338981892,0.6721010581578268
193,1e-05,1.5221499081315666,0.09864319574866638,1.5706640605268807,0.6732676831371203
194,1e-05,1.5266842348822232,0.09926886989962075,1.602356137900517,0.6218724127242191
195,1e-05,1.5185744967953911,0.10073694089654972,1.5739546562063282,0.6465858390431815
196,1e-05,1.5184450437282693,0.09988034241524518,1.5711588777344803,0.6690449525567377
197,1e-05,1.5191738112219448,0.09992232730300775,1.5741064466279129,0.6701741932800289
198,1e-05,1.5180509419276798,0.10045538395353931,1.5723648770102139,0.6557856664790233
199,1e-05,1.519715013175175,0.09951154202310727,1.5594627117288524,0.6885722685268575
200,1e-05,1.5165737785142044,0.09962967272290889,1.5597632547904705,0.690026602170677
201,1e-05,1.5171935681639046,0.10034876941290245,1.565377634147118,0.6643826958117081
202,1e-05,1.5196567362752453,0.10129040543704285,1.5691272225873223,0.6676969106646025
203,1e-05,1.51665500114704,0.1010249733478698,1.5668444304630673,0.6866974715113836
204,1e-05,1.5191892344376137,0.10122336732658736,1.588602670307817,0.6392278534322473
205,1e-05,1.516650446530046,0.09911629448971655,1.5716302477080246,0.6652836155999868
206,1e-05,1.5181443444613754,0.0999158230645384,1.5712377572881764,0.6651212893668256
207,1e-05,1.5208587399844467,0.10052114289484812,1.5637776481694188,0.7002098882019354
208,1e-05,1.5165094959324803,0.10177482421706197,1.5865282025830498,0.6390333789065713
209,1e-05,1.5166641555983444,0.10021694915463937,1.562458141096707,0.681688098569949
210,1e-05,1.5175310414412926,0.10015946299522403,1.5637704832800503,0.686315842139972
211,1e-05,1.5210124172013382,0.09951663954348655,1.5723694316272079,0.64913686920694
212,1e-05,1.5141945584066983,0.10084776350302,1.5728933523441184,0.6531040879926014
213,1e-05,1.5178597178952447,0.1008067388043736,1.5604339920241257,0.6667550206341037
214,1e-05,1.5187686352894223,0.09862875464518904,1.5729639530181885,0.6556552219119278
215,1e-05,1.5150568896326526,0.10048888661380394,1.5659816141786247,0.7136782767505534
216,1e-05,1.5172152724759331,0.0996047554120252,1.5784358978271484,0.6708100435730099
217,1e-05,1.5181030774938649,0.1018774655886108,1.5869025361949,0.657329728353613
218,1e-05,1.5160264064525735,0.10003502034502004,1.57261847627574,0.7020876197905039
219,1e-05,1.5162895958999107,0.10063973899015623,1.5751117673413506,0.6714138270050082
220,1e-05,1.5189577176653106,0.1011406572415016,1.5720516402145912,0.6922549169305715
221,1e-05,1.5172016045142864,0.09988684869844808,1.5834967021284432,0.6272630705734993
222,1e-05,1.5155416603746086,0.10047231612656206,1.566698485407336,0.6836020320699157
223,1e-05,1.5117638398861062,0.10076667300900985,1.5758923374373337,0.6437772728843407
224,1e-05,1.5106198047769481,0.10006440868651914,1.5628447162693944,0.6831205121734304
225,1e-05,1.511040054518601,0.10113861748475031,1.5788392650670018,0.620107813772051
226,1e-05,1.5149771180646172,0.09980181802414369,1.5778126141120647,0.6889322319737279
227,1e-05,1.5112900487307845,0.10141085479032688,1.5654291284495387,0.67882899170243
228,1e-05,1.5108222838105827,0.10129754287751838,1.5841388990139138,0.6448524009747166
229,1e-05,1.5119367837905884,0.10051903922776324,1.578870074502353,0.6497377911869305
230,1e-05,1.5160878567860043,0.09871714183228908,1.5844841373377834,0.6648121886645941
231,1e-05,1.5121414496980865,0.10064783227181416,1.5753789564658855,0.6383382959211217
232,1e-05,1.5085271555801918,0.10141752200573559,1.5733780778687576,0.6801676272339134
233,1e-05,1.5110175075202152,0.10060878095727933,1.5812508032239716,0.6521443008775301
234,1e-05,1.5095985634573574,0.09935071607655553,1.56914301165219,0.6587286437532182
235,1e-05,1.512388434903375,0.10083556030200332,1.570250914014619,0.6727042031897816
236,1e-05,1.509284442868726,0.0996105848651921,1.5852164852208104,0.643218863772584
237,1e-05,1.5162689850248139,0.10223612613680204,1.6224326429695919,0.6290084022049234
238,1e-05,1.5135109630124322,0.09937059668043584,1.5715073758158191,0.6601646268628666
239,1e-05,1.5069272148198094,0.1010530683593146,1.5756540586208474,0.6681428930589575
240,1e-05,1.5084324581869717,0.10184490503297024,1.5898226910624011,0.6597486713372483
241,1e-05,1.5106319805671429,0.10000042000778514,1.5673324280771717,0.6614106322583886
242,1e-05,1.5088677652950944,0.1008541520809946,1.565456382159529,0.6845626359451821
243,1e-05,1.5081243515014648,0.1008326685796322,1.5986546154679924,0.643053610611145
244,1e-05,1.5148291628936241,0.10191365289764116,1.5663423044928189,0.6856171884767298
245,1e-05,1.5049373034773201,0.09980948921134303,1.5723746603932873,0.6779654345712721
246,1e-05,1.5089395087340782,0.10059139432731895,1.5737724427519173,0.6634005390849882
247,1e-05,1.5078901751288052,0.10048257479119324,1.5674878235520988,0.6731945171110559
248,1e-05,1.503315230895733,0.0998124031756529,1.5769664706854984,0.6732102317926205
249,1e-05,1.5043148830019195,0.10121728233007714,1.5770793824360287,0.6608166933823727
250,1e-05,1.507280604592685,0.10111342161539666,1.5731481560345353,0.658712460756051
251,1e-05,1.5040250769976913,0.10008594537247964,1.5661475041816975,0.699107299889638
252,1e-05,1.511878519222654,0.10276114788323924,1.5761045217514038,0.6683129113398814
253,1e-05,1.503584594562136,0.10041668482087196,1.5663912707361682,0.667489283704822
254,1e-05,1.506347421942086,0.10097839339657408,1.5672356917940338,0.6667758629605669
255,1e-05,1.5072403282954776,0.10045136522352133,1.5684991828326522,0.6621762852859159
256,1e-05,1.5021772302430252,0.10094517338334603,1.564271223956141,0.698966942886645
257,1e-05,1.5005709713902966,0.10053023949047164,1.564070730373777,0.6684845845351562
258,1e-05,1.5082711639075443,0.09993151231361372,1.5740973702792465,0.6791210428037415
259,1e-05,1.5058870562191666,0.1012416143159072,1.584252534241512,0.6444342811268344
260,1e-05,1.5030952280965344,0.10003505727594246,1.5644306931002387,0.6611999744858917
261,1e-05,1.5041522363136555,0.10207459334663546,1.5943202602452244,0.6446219217973356
262,1e-05,1.5001759323580512,0.0999687236780428,1.5621682569898407,0.6959540310553672
263,1e-05,1.501607582486909,0.1023155298259992,1.5829466663557907,0.6759752479626278
264,1e-05,1.5021527553426808,0.09917961371247609,1.5666031467503514,0.6778265327621218
265,1e-05,1.5007634204009483,0.10054853399928279,1.5691575675175107,0.6759671670055752
266,1e-05,1.4973911951328147,0.10040390667115456,1.5662122636005795,0.695336664013936
267,1e-05,1.5025960042558868,0.10078898173335543,1.5697051738870555,0.6701936569268542
268,1e-05,1.499303546445123,0.10013024455233165,1.5685677528381348,0.6794603780901818
269,1e-05,1.5030472114168365,0.10159881505617557,1.6081987537186722,0.6746867078562615
270,1e-05,1.507900439459702,0.10181344485741735,1.5620205320160965,0.687002267573064
271,1e-05,1.5038321799245373,0.10017547458805108,1.570816257904316,0.6703914969742956
272,1e-05,1.4945591153769657,0.10075308536530221,1.5797972966884744,0.6442877787358604
273,1e-05,1.4948634238078677,0.100233743164958,1.5854519893383157,0.6541358670243596
274,1e-05,1.4957367921697682,0.10159741395429617,1.5830759878816276,0.6499196788379701
275,1e-05,1.4980184949677566,0.09963678143859483,1.5657530776385604,0.6957252679109026
276,1e-05,1.4932841350292336,0.1023167103531348,1.5726676274990212,0.6838981744409808
277,1e-05,1.4949092823883583,0.1014765598358195,1.5853695088419422,0.6449830077995503
278,1e-05,1.4951682255185883,0.10191814801962852,1.5683017886918167,0.6515350195406985
279,1e-05,1.4970779007878796,0.10102943651485176,1.6230290059385628,0.5931445451961465
280,1e-05,1.49568588980313,0.10181253274282996,1.5801482940542286,0.6528452497879095
281,1e-05,1.4958585624037117,0.10097720304373328,1.5717487705164943,0.6407028722555075
282,1e-05,1.4939209346113533,0.10122960155509142,1.563800100622506,0.683050768233135
283,1e-05,1.4969127835898564,0.10176784351228471,1.5833409449149822,0.6343577119524124
284,1e-05,1.4946846304268673,0.10079327523606788,1.5684629144339726,0.6853264209220619
285,1e-05,1.4923274722592583,0.10130424295401315,1.5761461299041222,0.6527679703894864
286,1e-05,1.4938777602952102,0.10055505763930553,1.5950268712537041,0.6390740591284421
287,1e-05,1.4964540991289863,0.10288174659504491,1.5962059867793117,0.651685343366837
288,1e-05,1.4976433433335403,0.10243630503589601,1.5658445604916276,0.675596740611202
289,1e-05,1.501535127902853,0.10089664056701099,1.5672698801961438,0.6944208266093803
290,1e-05,1.4942698684231988,0.10140729247736024,1.5782134286288558,0.649540201161211
291,1e-05,1.4991217974958748,0.101057480795414,1.5797654143695175,0.6697523048111172
292,1e-05,1.493813054314975,0.10172472904064543,1.572447316399936,0.6578792910146251
293,1e-05,1.4899630341036567,0.10115138609013472,1.5704853986871654,0.6952309608069032
294,1e-05,1.493200133586752,0.10252949615380207,1.572153457279863,0.6618971474927758
295,1e-05,1.4913519908641946,0.10061205165920432,1.5732521640843358,0.6909717181590647
296,1e-05,1.4937699909867912,0.10070396396254506,1.571129531695925,0.7072542245431966
297,1e-05,1.4931576210876991,0.10148293009212002,1.5809973067250744,0.6460242157006373
298,1e-05,1.4869334862149994,0.10213975487572498,1.5772404300755467,0.6734108528856216
299,1e-05,1.4925020480978077,0.10207204125250142,1.5661064057514584,0.674006127883891
300,1e-05,1.4895931482315063,0.10159410046100659,1.567723171464328,0.6746925614050111
301,1e-05,1.4890226166823815,0.10121938507100339,1.5605897697909126,0.6902829604682501
302,1e-05,1.4968264966175473,0.10148857388739722,1.5699407725498593,0.7060157462063732
303,1e-05,1.4884404519508625,0.10176751236680517,1.581688979576374,0.6605471655966563
304,1e-05,1.4884996825251087,0.10156964060449421,1.5741269465150505,0.6670811892738034
305,1e-05,1.4907345977322808,0.10285148688205294,1.5831372080178097,0.6543762462257322
306,1e-05,1.4888157022410426,0.10127222667321162,1.5723342895507812,0.6867396909145635
307,1e-05,1.485995099462312,0.10335665965408039,1.5731890941488331,0.67860308471102
308,1e-05,1.4888559415422637,0.10283638629577246,1.5690365372032955,0.6665626979669824
309,1e-05,1.4808298513807099,0.10239433533255315,1.569664087788812,0.6674033082557925
310,1e-05,1.4806995967338825,0.10184821920889717,1.5739436272917122,0.6722890137522102
311,1e-05,1.4827802982823601,0.10164778231043833,1.5722277616632396,0.6825618507719887
312,1e-05,1.480672079941322,0.10255707772216965,1.5800235970266934,0.6517667307421321
313,1e-05,1.480868150447977,0.10061317007614316,1.5711227326557553,0.6818498723869202
314,1e-05,1.4889234756601268,0.10291897675610133,1.5772361755371094,0.7092802206764038
315,1e-05,1.4823488613654827,0.10317070838777939,1.5892535037007824,0.667045321579931
316,1e-05,1.4845085061829666,0.10291107222768685,1.574787661947053,0.6928869619579242
317,1e-05,1.4857630524142036,0.1021676589438383,1.5891317992374814,0.6676797520511732
318,1e-05,1.4852201691989242,0.10323524771988518,1.5867361200266872,0.6292108763519401
319,1e-05,1.4868374364129429,0.10278005579002869,1.5920197922607948,0.6582180678459
320,1e-05,1.4796078986135022,0.1020220563639807,1.5647467909188106,0.6933405572322333
321,1e-05,1.4765772367345875,0.10162496270630111,1.573454503355355,0.6631240663403383
322,1e-05,1.4777323459756786,0.10179092834928101,1.5737448642993797,0.6765129362216825
323,1e-05,1.4895911422269097,0.10148207504792776,1.573186072809943,0.6748274395305612
324,1e-05,1.479614598997708,0.10203415641273052,1.6080402218062302,0.6341063685779297
325,1e-05,1.4832773701897983,0.10256244322887399,1.5759983925983823,0.6676814270297539
326,1e-05,1.4803151961030632,0.10252601322920434,1.5722079811425045,0.6744067797211887
327,1e-05,1.480622918441378,0.10199086820566361,1.5852597787462432,0.6526256856892185
328,1e-05,1.4761072068378842,0.10364906317312156,1.575618838441783,0.6658870470400109
329,1e-05,1.4768925576374448,0.10182789026225995,1.5860443567407543,0.6501468005822297
330,1e-05,1.4747902196029137,0.10119280603345975,1.5753900100444924,0.6906108910108973
331,1e-05,1.4759011227509071,0.10176448188535445,1.5805700811846504,0.6694915397148712
332,1e-05,1.4769981852893173,0.10152917734314204,1.5769355790368442,0.6704861883585322
333,1e-05,1.479164300293758,0.10269200618444156,1.5690154700443661,0.6786677652464712
334,1e-05,1.4800903714936355,0.10157712988347332,1.6040178619582077,0.6744726520507396
335,1e-05,1.4771610251788436,0.10129490441373071,1.5786674474847728,0.6636707512172253
336,1e-05,1.474579428804332,0.10335693589515843,1.5788569368165115,0.6880655823830162
337,1e-05,1.4762335851274688,0.1022152497103439,1.575302711848555,0.6980253274321956
338,1e-05,1.4791708156980317,0.10261779957499292,1.647245846945664,0.6162637008571464
339,1e-05,1.4763000381403957,0.10297548075735842,1.5671676232897003,0.6797297380189223
340,1e-05,1.4753532286348015,0.10213504457389126,1.5870088955451702,0.6668004546571786
341,1e-05,1.4763703099612533,0.10135508694783263,1.5762135859193473,0.666074027825183
342,1e-05,1.472637521809545,0.10155805048851549,1.5798030310663684,0.70622579209495
343,1e-05,1.479888233645209,0.10342147039086141,1.582048880642858,0.6628386944094898
344,1e-05,1.4709924829417262,0.10207996898474232,1.5928778730589768,0.7122401017806411
345,1e-05,1.470147938563906,0.10294040043386014,1.5668947778899094,0.672506670495235
346,1e-05,1.4795676140949643,0.10030294241301443,1.5846970780142422,0.6382555040688219
347,1e-05,1.4743072986602783,0.10112552063276045,1.5918616919681943,0.65402330160108
348,1e-05,1.4716114586797253,0.10278865103780069,1.5833238527692597,0.6994051873867952
349,1e-05,1.4688093374515403,0.10237195755326672,1.5792617921171517,0.6687226273329958
350,1e-05,1.4657307698808868,0.10365670918942707,1.5744042478758713,0.6838796623304841
351,1e-05,1.471983108027228,0.10288939344639557,1.568381194410653,0.6739099332532064
352,1e-05,1.4734493617353768,0.10272116082672016,1.6019144715933964,0.6343973955610231
353,1e-05,1.4729683645840348,0.10247695655915395,1.6425796829420944,0.6190578652513036
354,1e-05,1.4730221526376133,0.10222321982144807,1.6014265767459213,0.6547951322756349
355,1e-05,1.471675206874979,0.1015164909849677,1.5940162190075577,0.6406820988098691
356,1e-05,1.4661943172586376,0.10413689302880481,1.5707686564017986,0.6997478675945242
357,1e-05,1.4735824321878368,0.1025491015789321,1.5763070295596946,0.6781339821502829
358,1e-05,1.4647061413732068,0.10437375907952379,1.5940783722647305,0.6500584104789183
359,1e-05,1.4685083874340714,0.10328758853823207,1.584282920278352,0.6621858464714877
360,1e-05,1.464046938665982,0.10331542511556405,1.575491424264579,0.6809572393355204
361,1e-05,1.4651863698301644,0.10381799410964175,1.5807602158908187,0.6644964478754647
362,1e-05,1.4662093211864602,0.10294017302433488,1.5873955364885002,0.7034563969435793
363,1e-05,1.4717861825022205,0.10285265317155665,1.5744629769489682,0.6629276740806176
364,1e-05,1.4618943724138984,0.10176040393357441,1.583330331177547,0.6638022003450871
365,1e-05,1.4655793247551754,0.1034338385177018,1.5692012186708122,0.680175499335785
366,1e-05,1.4634436985542034,0.10382923460973355,1.5743438457620555,0.6618488360612113
367,1e-05,1.4674505077559372,0.10274040700394205,1.5758717101195763,0.6639440464850916
368,1e-05,1.4600112972588375,0.10498913920508413,1.5836155907861118,0.6615917294992321
369,1e-05,1.4681078853278324,0.10322984463563548,1.576914955829752,0.7080062359606581
370,1e-05,1.4631731304629096,0.10264862409425335,1.635739651219598,0.6077235377197107
371,1e-05,1.4657101672271202,0.10339966131465118,1.5814099558468522,0.6619331579534218
372,1e-05,1.4642142139632126,0.10339960626769715,1.5820957627789727,0.6747946688450075
373,1e-05,1.4599966119075645,0.10353543791571272,1.592786460087217,0.6525558490988285
374,1e-05,1.4629128513665035,0.1042782646187969,1.5804565569450115,0.685773410692747
375,1e-05,1.4682107793873753,0.1036436672436811,1.5817702556478566,0.6854681998022666
376,1e-05,1.462966803846688,0.10204634737215237,1.5782254893204262,0.6988901737939391
377,1e-05,1.4587605040648888,0.10310198241509268,1.5738534392981693,0.6807776780485025
378,1e-05,1.4591441565546497,0.10397699705464829,1.578043501952599,0.6774523200380713
379,1e-05,1.4619479426022233,0.10258543774670852,1.5740271930036873,0.6617517519383128
380,1e-05,1.4597374488567483,0.10427112321740509,1.5834953456089413,0.6784850651106445
381,1e-05,1.459066995258989,0.10448624857818502,1.585229384488073,0.6582929292061155
382,1e-05,1.455196767017759,0.10386669427848684,1.5848762824617584,0.6753608947916943
383,1e-05,1.456176186430043,0.10357134828111345,1.5856405414383987,0.6696857464042666
384,1e-05,1.4607086716027096,0.10198475786840303,1.5717621260675891,0.6960914311228776
385,1e-05,1.4567458670714806,0.10273445353164415,1.5836640020896648,0.6656901666771919
386,1e-05,1.4615385326845893,0.10180055230890918,1.5827566837442333,0.7123665691802278
387,1e-05,1.455480904414736,0.1029265318467386,1.5763796321276962,0.6887748621982638
388,1e-05,1.451624952513596,0.10543616268226812,1.5999729797757904,0.6601281464984297
389,1e-05,1.4578912299254845,0.10405987379660453,1.6187001343431144,0.6642303790576561
390,1e-05,1.4562874169185245,0.10380788396324794,1.5837894184836026,0.700293298141632
391,1e-05,1.4584706240686878,0.10337816990850522,1.6068520669279427,0.6569442668065475
392,1e-05,1.4561009119296897,0.10472199441043818,1.6253065076367608,0.626982067856569
393,1e-05,1.4581239798973347,0.10236161719554791,1.5792482680287854,0.7088700678342292
394,1e-05,1.453151924856778,0.1043676532302591,1.5716995000839233,0.689945891359
395,1e-05,1.4556750059127808,0.10287083604663494,1.5800072448006992,0.6743542002317802
396,1e-05,1.4553289824518665,0.10308674927938788,1.5718721028031974,0.6887483370858136
397,1e-05,1.450040340423584,0.10531922505082485,1.585563585675996,0.6702692953172843
398,1e-05,1.451856099326035,0.10323944082454488,1.6039856507860382,0.647802465129641
399,1e-05,1.4451216048207776,0.10333340139016851,1.5938160953850582,0.672649199866147
400,1e-05,1.4503267407417297,0.10439091524219206,1.5870340569265957,0.665845459464765
401,1e-05,1.4485842647223637,0.10449680172821792,1.5955954543475448,0.7026298728501461
402,1e-05,1.4445853644403919,0.10370450994298071,1.5826486349105835,0.6809451583330334
403,1e-05,1.447776354592422,0.10330538834073878,1.5945402260484367,0.6685691857588749
404,1e-05,1.4439517752877598,0.10372282923287766,1.5817319483592593,0.6680611862288
405,1e-05,1.4463954752889172,0.10374513125466166,1.6031168699264526,0.6496352514128436
406,1e-05,1.450291999455156,0.10409505807267369,1.5787057588840354,0.6768628619238674
407,1e-05,1.4475663448202198,0.10311469194012828,1.5714170110636745,0.6878469972363892
408,1e-05,1.4464642960449745,0.10301400591953375,1.5853995701362347,0.6638609871874055
409,1e-05,1.4518825514563198,0.10492788404465557,1.5832618680493584,0.6857866492492818
410,1e-05,1.4438079287265908,0.10393742249454968,1.5847236000258347,0.6879414040357736
411,1e-05,1.4463071699800163,0.10493325574891345,1.5815396062259017,0.6949482409456362
412,1e-05,1.449654558609272,0.10412813688377032,1.583463689376568,0.6916274069397216
413,1e-05,1.4453674924784694,0.10380258061682926,1.580984929512287,0.6909055294562502
414,1e-05,1.4414790087732776,0.10461386700344852,1.5981644063160336,0.6627441409681457
415,1e-05,1.4493534934931789,0.10409092221358025,1.5854741088275253,0.6624512141814417
416,1e-05,1.4437182114042084,0.10410180395382623,1.5977990545075516,0.6599144248041166
417,1e-05,1.44429533234958,0.10326889141906109,1.5781794252066776,0.6730879268696234
418,1e-05,1.4489405237395188,0.10398382871881681,1.5907748279900387,0.6714289126001786
419,1e-05,1.447172341675594,0.10500360765216203,1.5885451497702763,0.6732937896357115
420,1e-05,1.4485632510020816,0.10579737570484953,1.5834625630543149,0.6806254895757591
421,1e-05,1.4360845253385346,0.10542797399895745,1.589660829511182,0.7058831663378717
422,1e-05,1.4362080631584957,0.10364814582103123,1.5834872887052338,0.6873532126496017
423,1e-05,1.4456109836183746,0.10445237038712857,1.5941312148653228,0.6582007270270893
424,1e-05,1.4397504535214654,0.10376194097116206,1.5930092293640663,0.6571754724350202
425,1e-05,1.4464682340621948,0.10387225858197013,1.5885708044315208,0.6931024399725767
426,1e-05,1.4373531136019477,0.10603493896220091,1.583298736605151,0.6829538275331205
427,1e-05,1.4405787813252415,0.10401604292006733,1.5908096288812572,0.6789655700407669
428,1e-05,1.4398666784681122,0.10425378123892877,1.5761415835084587,0.6888137131666611
429,1e-05,1.4419798069986804,0.1021392275464184,1.5816925435230649,0.6813739889235841
430,1e-05,1.436184858453685,0.10420173190413737,1.6022973101714562,0.6608071074635423
431,1e-05,1.4369908077963467,0.1044858641979376,1.5905265890318772,0.664180329642118
432,1e-05,1.4368841278141942,0.10488788175148535,1.6242724122672245,0.6186787208122984
433,1e-05,1.4348796893810403,0.10503279102207373,1.595589650088343,0.6652502999739527
434,1e-05,1.4353867111534908,0.10408827850334249,1.5791353192822686,0.6858194519750955
435,1e-05,1.4352180423407719,0.10312155259641972,1.6045112116583462,0.6542678489104369
436,1e-05,1.4355333509116337,0.10434980233464455,1.6030129687539463,0.6642361738149798
437,1e-05,1.4382712553287376,0.10560017858675812,1.5894572734832764,0.6700014303962152
438,1e-05,1.4342126188607052,0.10433444488307195,1.597609384306546,0.6686995441107323
439,1e-05,1.4362698300131436,0.10471862640892535,1.5904032403025135,0.6777204893749345
440,1e-05,1.4311083925181423,0.1047676303801382,1.5835575317514354,0.6992802829520799
441,1e-05,1.4298565223299224,0.10582982807029959,1.5890040109897483,0.6791723352803645
442,1e-05,1.4323162004865448,0.10386315918113816,1.5819599258488621,0.6735847488283192
443,1e-05,1.436161238571693,0.10502682113873134,1.5973534460725456,0.6643499795286969
444,1e-05,1.4319522750788722,0.10340859190976336,1.5954197110800907,0.6695649977932134
445,1e-05,1.4266392321422183,0.10478756979507188,1.5878307531619895,0.668847740901503
446,1e-05,1.438384405497847,0.10396709218245662,1.6000391779274776,0.698925879024825
447,1e-05,1.4288951528483425,0.10537752257379777,1.597014254537122,0.6688601729178506
448,1e-05,1.434519549895977,0.10412671038087955,1.6079038998176312,0.6549554688977799
449,1e-05,1.433225422069944,0.10337208943008183,1.594710502131232,0.6802204341558366
450,1e-05,1.4316329298348263,0.1041553615518147,1.5957110256984317,0.6772276775259091
451,1e-05,1.4286894921598763,0.10530895742972025,1.618356203210765,0.6617419981436972
452,1e-05,1.4259552708987533,0.10598403376531787,1.5995207942765335,0.6531255575637883
453,1e-05,1.4402194064238976,0.10382695277627675,1.5867578243387157,0.6737794602116922
454,1e-05,1.4321218482379257,0.10394299365445107,1.5910215624447526,0.6969611773543747
455,1e-05,1.4247931159775833,0.10574388830729269,1.5860353214987393,0.6891068069600156
456,1e-05,1.432224101033704,0.10652569143965472,1.5964420663899388,0.6661967758474475
457,1e-05,1.4232219087666478,0.10346954481405232,1.580646880741777,0.6935168255829889
458,1e-05,1.4212321207441132,0.10504595394238928,1.5975206802631248,0.6719920595612624
459,1e-05,1.428087620899595,0.1042657192775709,1.589884926532877,0.6748145089556226
460,1e-05,1.4288606027076984,0.10573037943746912,1.6131018729045474,0.6594365476020697
461,1e-05,1.4267832081893395,0.10358069264364292,1.5807133666400253,0.6992422436960741
462,1e-05,1.4223889318005791,0.10386522489917725,1.5901480460989064,0.6791973421484069
463,1e-05,1.4289722401520302,0.10455034168927874,1.5843191927876965,0.6858694430257676
464,1e-05,1.422077935317467,0.10479391453530888,1.5848918536613728,0.6856325417361512
465,1e-05,1.4310575600328117,0.10685584717718613,1.5953209523496956,0.6849885238747601
466,1e-05,1.421494537386401,0.10400762430376181,1.5963937989596664,0.7003821273545896
467,1e-05,1.4264527107107228,0.10345532147977604,1.5945593241987557,0.6720286789624869
468,1e-05,1.4247392046040501,0.1052172242794259,1.5838687872064525,0.6853347874163692
469,1e-05,1.424409299061216,0.1061271430241545,1.586161313385799,0.6759402923381279
470,1e-05,1.4185892672374332,0.10551075135152936,1.5892639077942947,0.7084888233562717
471,1e-05,1.4223628455194934,0.10461198595273197,1.5829097279186906,0.6860928935886649
472,1e-05,1.4216985003701572,0.10451501426918507,1.5855054773133377,0.6871331033526288
473,1e-05,1.4171157705372777,0.10537577398958146,1.5849517830486954,0.7029785251302416
474,1e-05,1.416434908735341,0.10586285551845076,1.5931008725330746,0.6909513114366577
475,1e-05,1.4171694681562226,0.10622935795408749,1.5921774362695629,0.686593181068236
476,1e-05,1.4171129629529755,0.10614958948150517,1.5988918460648636,0.6826935200030385
477,1e-05,1.4162839938854348,0.10481513737995302,1.5846917053748821,0.6816492502235392
478,1e-05,1.420669440565438,0.10553719320742072,1.6079502927845921,0.6624316334807658
479,1e-05,1.4145799258659626,0.10579215553432632,1.5859210532287071,0.675606343699111
480,1e-05,1.4224686252659764,0.10489987070717001,1.5931248705962608,0.6693051220591907
481,1e-05,1.416040568516172,0.10378351669848264,1.6009852516240086,0.6765513386687793
482,1e-05,1.4207638173267758,0.10456264152969344,1.580782701229227,0.6752048385547081
483,1e-05,1.4138454507137168,0.10534728083704228,1.5857923976306258,0.6718813407230549
484,1e-05,1.4176616833127778,0.10670234313622319,1.586693262231761,0.6812376629057657
485,1e-05,1.411241732794663,0.1057634783712909,1.5850449800491333,0.6813004970318012
486,1e-05,1.414624728005508,0.10410512727594637,1.5936104799139088,0.6742712507493092
487,1e-05,1.4129815204390164,0.1049627285269087,1.6166592096460277,0.6557769893773532
488,1e-05,1.4081479557629288,0.10365166076246918,1.5880017362791916,0.6828162860470457
489,1e-05,1.4139664871939297,0.10400108321500108,1.5945308413998833,0.6854141079916507
490,1e-05,1.4094621107496064,0.10619683239419174,1.5847524281205803,0.6896694819216587
491,1e-05,1.4158325441952408,0.10511333159934307,1.5986128428886677,0.6967001612702631
492,1e-05,1.4127296908148403,0.10625786027049339,1.590583168227097,0.6823469134948591
493,1e-05,1.4126765399143613,0.1061148399215033,1.5971642814833542,0.6639177393681807
494,1e-05,1.415650959672599,0.10477782341603438,1.5936726578350724,0.6636513071438295
495,1e-05,1.409808323301118,0.10541059254133148,1.5967646837234497,0.6912634206114092
496,1e-05,1.4113483634488335,0.10498439548139958,1.6032370781076366,0.6699615756156334
497,1e-05,1.4092275561957524,0.10606473837704239,1.5882573908772961,0.6809765608296223
498,1e-05,1.4047484438994835,0.10611788166542978,1.5860563352190216,0.693032516497428
499,1e-05,1.41095298323138,0.10439489605343559,1.58818519115448,0.6851281282194928
500,1e-05,1.4064546206901813,0.10546592381543085,1.5890119939014828,0.6818752894095576
501,1e-05,1.4006109443204156,0.10707121464417327,1.6191998350209202,0.6576722919661281
502,1e-05,1.401448364915519,0.10668042565830113,1.5884587600313385,0.6892427404441589
503,1e-05,1.4091878512810017,0.1064301822259867,1.600822424066478,0.6724488554093098
504,1e-05,1.4038639849629895,0.10658504951606156,1.5941707717961278,0.6913819377074996
505,1e-05,1.40610933303833,0.10575318141696446,1.6027087959749946,0.6967994601389893
506,1e-05,1.405570807128117,0.10619335048278981,1.5939040101807693,0.6791297973041303
507,1e-05,1.4029535836186902,0.10554064365919558,1.5992243865440632,0.6935592024937738
508,1e-05,1.4054759411976254,0.10630994293090687,1.5893710605029403,0.6764503196748066
509,1e-05,1.401290457824181,0.10599177046477692,1.595319546502212,0.7152348672498458
510,1e-05,1.4064582956248317,0.10509991614780484,1.5873975137184406,0.6990254933495038
511,1e-05,1.401511179989782,0.10641841310752469,1.6011493452664078,0.6508238899496326
512,1e-05,1.3991174903409234,0.10581055786915136,1.6174163900572678,0.6665713700749838
513,1e-05,1.4030169413007538,0.10662699614244893,1.5914178511192059,0.6843166633434777
514,1e-05,1.4029294910102055,0.10461024525793076,1.6391452715314667,0.6436241927662812
515,1e-05,1.3999086947276675,0.10514476333305968,1.5880714038322712,0.678097495707451
516,1e-05,1.400700178639642,0.10522004235254269,1.5939797985142674,0.7049832337337094
517,1e-05,1.399120910414334,0.10796383802712185,1.5909862806057107,0.6799821707414307
518,1e-05,1.4010151172506398,0.10640952242870876,1.5882212786838925,0.6951757700892505
519,1e-05,1.4045060873031616,0.1047632334066091,1.6074521788235367,0.6633417676332762
520,1e-05,1.4004652952325756,0.1071058593688273,1.5903411199306619,0.6965911196462223
521,1e-05,1.3914683522849247,0.10789449548129408,1.594312154013535,0.672796939261152
522,1e-05,1.3952967175121964,0.10670584102528946,1.606850319895251,0.6626953584578332
523,1e-05,1.3991383971839115,0.10525769074984304,1.6082646476811375,0.6654107360427188
524,1e-05,1.3962602615356445,0.10493721135576778,1.5954271760480156,0.6838234890642622
525,1e-05,1.3984750015982266,0.10590381305549493,1.6015621670361222,0.671824839845761
526,1e-05,1.398304873499377,0.10644483946954876,1.588451677355273,0.6903425536082131
527,1e-05,1.3959840042837734,0.10555938429452905,1.6097155850509117,0.675350021551881
528,1e-05,1.3988187970786259,0.10674953042907857,1.5893050021138684,0.6904238444834879
529,1e-05,1.397189921346204,0.10602680448842731,1.5940696494332676,0.6808788787536503
530,1e-05,1.3952752557294121,0.10461218791729593,1.5888713228291478,0.6901299254128361
531,1e-05,1.4008544847883027,0.10660045074850194,1.5943808761136284,0.6834301531409996
532,1e-05,1.3963812301898826,0.10607589495886821,1.6052779863620628,0.6908730986935664
533,1e-05,1.3954404099234219,0.10514503924512401,1.5937930345535278,0.679019081122169
534,1e-05,1.3963905655104538,0.10650289844247725,1.5917317086252674,0.6900214950180545
535,1e-05,1.3972700628741035,0.10647213965668492,1.5862395187904095,0.6866445867116107
536,1e-05,1.3925301288736278,0.10677679686507373,1.622432145579108,0.6615285677747746
537,1e-05,1.3917956126147304,0.10524826016297607,1.5973465565977425,0.7045820319640815
538,1e-05,1.4056341935848367,0.10630544488667241,1.6048041171041028,0.6841812092739981
539,1e-05,1.3945846722043793,0.10626539655234059,1.6086744727759525,0.6797463127786737
540,1e-05,1.3863182602257564,0.10706133291176195,1.5921975374221802,0.6914589581762377
541,1e-05,1.3912143830595345,0.10668622363203209,1.6197668971686527,0.7044602901211421
542,1e-05,1.3971600655851693,0.106005603788185,1.6008032683668465,0.6725885182653537
543,1e-05,1.386614963926118,0.10656802815511486,1.6291172627745003,0.6585667150360103
544,1e-05,1.389417261912905,0.10636664977554024,1.5924494636469875,0.6866754678558824
545,1e-05,1.3912232127682915,0.10623845761948154,1.597797155380249,0.6863079817508266
546,1e-05,1.3887225471693894,0.10712312625391235,1.5902016902792042,0.698400951669334
547,1e-05,1.3865717073966717,0.10707748192844158,1.6013332934215152,0.688150712266767
548,1e-05,1.3892942913647355,0.10559330202282857,1.6143735482774932,0.6602600860105738
549,1e-05,1.3902195609849075,0.10642448753881313,1.5980627249027122,0.6923430093623612
550,1e-05,1.3918266214173416,0.10553503029419661,1.6036504918131336,0.6669056821277208
551,1e-05,1.3921820624121304,0.10637220435853115,1.5933339184728161,0.6896324708016524
552,1e-05,1.3855409026145935,0.10748613728450339,1.6016771998898736,0.6670802203128663
553,1e-05,1.3912230853376717,0.10649254555575235,1.594386388515604,0.6819260064336248
554,1e-05,1.3924000181000808,0.10582056412406991,1.5953602133126095,0.6855060426017494
555,1e-05,1.3894299885322308,0.10765849898832665,1.6002334191881378,0.6871314546278526
556,1e-05,1.386327994280848,0.10674151718521811,1.6025542596290852,0.6830694683903185
557,1e-05,1.3897648022092621,0.10729249365944551,1.6034964651897037,0.6625535349008276
558,1e-05,1.38199363083675,0.10681762746126922,1.6012418187897781,0.6707003591811177
559,1e-05,1.3903498485170562,0.10583290078347715,1.5903627461400525,0.6880129684589594
560,1e-05,1.3816254919972912,0.10696586915135124,1.6007586840925545,0.6938014076032455
561,1e-05,1.389270778360038,0.10772249005074298,1.601782067068692,0.6788856539825909
562,1e-05,1.3769329251914189,0.10660419354303512,1.5917878233153244,0.6883426945770003
563,1e-05,1.3815029242943073,0.10571528246636878,1.6010181698305854,0.6810965405219788
564,1e-05,1.379668145344175,0.1074686396493975,1.5950198379056206,0.6794548132187931
565,1e-05,1.3815996605774452,0.10649159829921831,1.5924550788155918,0.6887262167509561
566,1e-05,1.3808919479107034,0.10646837996673258,1.5891413113166546,0.6965240143875491
567,1e-05,1.3827643353363563,0.1060727482935517,1.6027682567464894,0.692896512139662
568,1e-05,1.3799119653372929,0.10660098583958996,1.6013923390158291,0.6933461970582483
569,1e-05,1.3813835505781502,0.10662636738529323,1.6008578991067821,0.675477363656437
570,1e-05,1.3845409648171787,0.10552405652718887,1.622678621061917,0.6585644864747684
571,1e-05,1.3858908867013866,0.10642152422209984,1.6042458435584759,0.6736126592391151
572,1e-05,1.3806277636823983,0.10690223280276905,1.6101719922032849,0.6720758782348276
573,1e-05,1.3805557119435277,0.10861991627885605,1.5980694869468952,0.6763466813834531
574,1e-05,1.3809156006780163,0.106855144538298,1.6099639555503582,0.6763984537676301
575,1e-05,1.3721175111573318,0.10719568763140952,1.6090278913234841,0.6770586978405043
576,1e-05,1.3806936288702076,0.10602341146831726,1.6006110577747739,0.6920227670484966
577,1e-05,1.3781695530332367,0.10716977943804787,1.591184607867537,0.6926299031649727
578,1e-05,1.3730913606183281,0.10638450011698004,1.6025965665948803,0.6793855148734204
579,1e-05,1.3763407016622609,0.1072028142635773,1.5977417888312504,0.6854622456078169
580,1e-05,1.3825461658938178,0.10539000138965918,1.598085670635618,0.678396283837788
581,1e-05,1.3747377888909702,0.1080570594994339,1.5980152508308147,0.6981661877014913
582,1e-05,1.3772848269035076,0.10686308574199975,1.609120356625524,0.6843571276064125
583,1e-05,1.3746928264354836,0.10692986791192745,1.6120409390022015,0.6718850674172173
584,1e-05,1.3749515599217907,0.10684272448235067,1.6023978899265159,0.687802832127982
585,1e-05,1.378334694895251,0.10782253829794938,1.5970294393342117,0.6828719946490306
586,1e-05,1.374582894917192,0.10764701215079332,1.6077114466963143,0.6790247061982739
587,1e-05,1.3753701201800643,0.10585877811083552,1.6003221478955498,0.6827077429455658
588,1e-05,1.3765819442683254,0.10587030861022091,1.5957173972294247,0.683165543108587
589,1e-05,1.3712477725127648,0.10723387464205637,1.6064881332989396,0.6727115225270974
590,1e-05,1.372320372482826,0.10654934683472052,1.6090731045295452,0.6649861089132154
591,1e-05,1.3742155124401223,0.10737294364219076,1.6078005001462738,0.6694322406865334
592,1e-05,1.3754528760910034,0.10738941909893546,1.6020399249833206,0.677806466920617
593,1e-05,1.3731786793675915,0.10787382488425232,1.6133940014345893,0.6722399503523413
594,1e-05,1.3665835364111538,0.1080490384062527,1.6014906661263828,0.6823724369723319
595,1e-05,1.38329711453668,0.10648168960564905,1.5967572639728416,0.7000118785931769
596,1e-05,1.3711234002277768,0.10741672367883695,1.604029791108493,0.6743251489793071
597,1e-05,1.3759829915803055,0.10585288995717668,1.614911724781168,0.6679357344228914
598,1e-05,1.3681783182867642,0.10722179386796156,1.6050123839542783,0.7028353116289933
599,1e-05,1.373283760300998,0.1055559908429682,1.607110438675716,0.7053717385249934
600,1e-05,1.3732861280441284,0.1064796457414893,1.6219592916554417,0.6650548088591798
601,1e-05,1.3681757655637017,0.10662267131213993,1.6191160350010312,0.6637568791037599
602,1e-05,1.3663132642877514,0.10753219979871484,1.5924116003102269,0.6803788439972702
603,1e-05,1.3730875459210625,0.10641621200726809,1.6119098951076638,0.676764753068911
604,1e-05,1.3674248498061607,0.1064039131298007,1.6134375128252754,0.6784435458824084
605,1e-05,1.3713335620945897,0.10650022206908512,1.6041610816429401,0.6798909021756981
606,1e-05,1.3666764826610172,0.10682823004477794,1.5991751654394741,0.6990187027250864
607,1e-05,1.3716208153757556,0.10707340504726448,1.6126413180910308,0.6821031334819163
608,1e-05,1.372888410913533,0.10760161839130039,1.6175459171163624,0.6652858462109204
609,1e-05,1.3715182583907555,0.10924269729156119,1.5953885316848755,0.7011497521732843
610,1e-05,1.370194176147724,0.1068928542873978,1.617911223707528,0.6620140717945808
611,1e-05,1.368487785602438,0.10680145839095775,1.6058714307587723,0.6793356484777394
612,1e-05,1.3609115131970109,0.10595912584176577,1.5967143280752774,0.6929042009174388
613,1e-05,1.3570395461444198,0.10773447136742277,1.599962801768862,0.6830028916824844
614,1e-05,1.3682768221559196,0.10571622116528491,1.6137055199721764,0.678828369006136
615,1e-05,1.3715932081485618,0.10699772316879369,1.6147920550971195,0.6719658529416052
616,1e-05,1.358595741206202,0.10855326392548308,1.6224641964353363,0.665605345533756
617,1e-05,1.368987880904099,0.10724368610881732,1.6011975880326896,0.6818409200900079
618,1e-05,1.3605964800407147,0.10685557231234319,1.608490619166144,0.6898741685593758
619,1e-05,1.3593373627498233,0.10761657285676442,1.604916971305321,0.6867982371394178
620,1e-05,1.3635052360337356,0.1070577054680869,1.6140093310125943,0.6658958026690704
621,1e-05,1.3689739005319004,0.10711710960217445,1.6133631180072654,0.7025864886902992
622,1e-05,1.3660181308614796,0.10739002407560261,1.6131779448739414,0.6775275441663711
623,1e-05,1.3658580163429523,0.10749758221953716,1.6068412106612633,0.6763949302575775
624,1e-05,1.36542939728704,0.10919657451526722,1.6135279186840714,0.674919924069287
625,1e-05,1.3597522974014282,0.10774310185394645,1.6089936083760754,0.6807707935063485
626,1e-05,1.360817284419619,0.10747452987739707,1.5978611831007332,0.6882008990385233
627,1e-05,1.3581777112237339,0.10723862833877353,1.6117340285202553,0.671109920840199
628,1e-05,1.3614883505064865,0.10655718654994659,1.607141223447076,0.6764697916683641
629,1e-05,1.3657090951656472,0.10749115461386032,1.6064683445568742,0.6792292605732145
630,1e-05,1.3544252535392498,0.10784973863568104,1.613557268833292,0.6834702859023024
631,1e-05,1.3607154837970077,0.107477639035987,1.598964419858209,0.6854231220796978
632,1e-05,1.3626614562396346,0.1072425986803873,1.603961496517576,0.6795346422072618
633,1e-05,1.36347496509552,0.10670222118542413,1.6062328322180386,0.6732348993906817
634,1e-05,1.3596913732331375,0.10853045958449437,1.6188155042714085,0.6730530898529061
635,1e-05,1.3571394229757374,0.10727289723609845,1.6036136438106667,0.6807998074219422
636,1e-05,1.3476272163719967,0.10851891078453071,1.6151558571848377,0.6784094444049229
637,1e-05,1.359193962195824,0.10808881168602245,1.5993137524045746,0.6846362840377939
638,1e-05,1.3485303459496334,0.10804442356502837,1.6109971547948903,0.6834621949868614
639,1e-05,1.3650303750202573,0.1058919697347481,1.6141333785550347,0.6747355432936416
640,1e-05,1.3567290963797733,0.10900179602749453,1.6077507693192055,0.6883740718584762
641,1e-05,1.3541119674156452,0.10782045578264107,1.6098021392164559,0.6789505713732567
642,1e-05,1.362183587304477,0.10726821017711416,1.6039362529228474,0.6885564970339475
643,1e-05,1.3553881398562728,0.10734084219523726,1.6017316744245331,0.6829915758978444
644,1e-05,1.3524134076874832,0.10726420018372707,1.6172931235412071,0.6788979640996942
645,1e-05,1.3514987065874298,0.10679402980994626,1.594825551427644,0.6955405082933479
646,1e-05,1.354107692323882,0.10920344753392787,1.6105033488109195,0.6836565621132339
647,1e-05,1.355473670466193,0.10767921408166047,1.6111789695147811,0.6752257405475143
648,1e-05,1.3563371896743774,0.10770445666294604,1.6136849255397403,0.6755646560334094
649,1e-05,1.345313495603101,0.10904270467860121,1.5993257925428193,0.6913167668207193
650,1e-05,1.3579987287521362,0.10738360156413639,1.6002068067419117,0.6867640308695823
651,1e-05,1.3524830053592551,0.10707482134426595,1.5974826483890927,0.6906716105658433
652,1e-05,1.3501872214777717,0.10711665700626362,1.599422130091437,0.6849627371450092
653,1e-05,1.3488206000163638,0.10794590354162265,1.6053749076251327,0.6726766051436288
654,1e-05,1.344254629365329,0.10823920364218474,1.6168557611005059,0.6799465050831491
655,1e-05,1.3536597408097366,0.10688880754457945,1.6074000432573516,0.6931394775979981
656,1e-05,1.34817033389519,0.10805715238642212,1.6123442732054611,0.6791797335516788
657,1e-05,1.3528177861509652,0.10808041061078477,1.603948843890223,0.6778910676427837
658,1e-05,1.3545940991105705,0.10657909718973624,1.6094330055960293,0.6772908018569648
659,1e-05,1.3577261258815896,0.10712837293545847,1.6116629510090268,0.6843078657432019
660,1e-05,1.3486955864676113,0.10909387324749557,1.6058470175184052,0.6822689669453932
661,1e-05,1.3481144740663726,0.10723762586055786,1.618630421572718,0.677989394914852
662,1e-05,1.3512854165044323,0.10690540145757021,1.5976975786274876,0.694327568925475
663,1e-05,1.3534466727026577,0.10812032914246458,1.6071462918972146,0.68842865300998
664,1e-05,1.354704971971183,0.10749200995842842,1.6092460772086834,0.6740166885030006
665,1e-05,1.3570787084513698,0.1066307197600686,1.6045326528878048,0.6844206070781642
666,1e-05,1.344682031664355,0.10890086846095624,1.6121782598824337,0.6799775146503804
667,1e-05,1.3438596725463867,0.10827281313574227,1.6154330023403825,0.6694679685101268
668,1e-05,1.3502406909548004,0.11003342722103773,1.6087780204312554,0.6843183418188822
669,1e-05,1.3427891690155556,0.10981451810462525,1.599395254562641,0.697761312045917
670,1e-05,1.3405901029192169,0.1079929613913193,1.603540568516172,0.6901635147211189
671,1e-05,1.349365156272362,0.10920527335553733,1.6048486438290825,0.6895492853831596
672,1e-05,1.3425712790982476,0.10883765011358973,1.6001139961439987,0.6835508878757192
673,1e-05,1.3449255228042603,0.10770077164912716,1.6121415886385688,0.683078057289909
674,1e-05,1.3399484733055378,0.10820516096609009,1.6247429395544117,0.6977536703921343
675,1e-05,1.3504191534272556,0.10725035221778288,1.608434192065535,0.6784403729927477
676,1e-05,1.340126214356258,0.10833567308115646,1.5998283871288956,0.6949273584478335
677,1e-05,1.3416813324237693,0.10956352769643646,1.6083275449687038,0.6969373320067456
678,1e-05,1.344971332056769,0.10749973974388834,1.6144490447537652,0.6726195386100138
679,1e-05,1.3455857593437721,0.10782289387331918,1.6105522616156216,0.6807079191141925
680,1e-05,1.3417619220141708,0.10877952657130503,1.6203049709056985,0.6803677718207074
681,1e-05,1.3459823008241325,0.10921614579915616,1.617682748827441,0.6772682437335447
682,1e-05,1.3398733591211254,0.10817570341461837,1.621171836195321,0.6726596951013492
683,1e-05,1.350193241546894,0.1079307351746863,1.612313833729974,0.690737333937761
684,1e-05,1.3500235019059017,0.10777996985777952,1.6089736469860734,0.6848673991968728
685,1e-05,1.339435051227438,0.10765330418550612,1.6159353955038662,0.672336224150214
686,1e-05,1.3448960863310715,0.10891089649105733,1.6118077985171615,0.7028241932597677
687,1e-05,1.348921385304681,0.10798105869622793,1.6111823402602097,0.6760488924553198
688,1e-05,1.3444271622032955,0.10681617063802187,1.6348965866812344,0.6584426401911323
689,1e-05,1.3427647804391796,0.10748618280801393,1.6104115329939743,0.6837139951591948
690,1e-05,1.3406840316180526,0.10814505181275938,1.6051086639535839,0.691641979647375
691,1e-05,1.3487475822711814,0.10806769785557796,1.609482432233876,0.6821182802794378
692,1e-05,1.3430585162392978,0.10763312587566297,1.6172238012840008,0.6766576418687036
693,1e-05,1.3408559437455803,0.10757162037072532,1.6144724632131642,0.6830162167374942
694,1e-05,1.3436453547971001,0.1064285869016875,1.6139132812105377,0.6711309526138549
